{"pascal_voc/mAP": 0.347653865814209, "pascal_voc/AP50": 0.34765, "data_time": 0.00228818955102088, "time": 0.03271725271370339}