{"pascal_voc/mAP": 0.36610063910484314, "pascal_voc/AP50": 0.3661, "data_time": 0.0020067989421828952, "time": 0.03197335905750539}